--
-- PostgreSQL database dump
--

-- Dumped from database version 15.4
-- Dumped by pg_dump version 15.4

SET statement_timeout = 0;
SET lock_timeout = 0;
SET idle_in_transaction_session_timeout = 0;
SET client_encoding = 'UTF8';
SET standard_conforming_strings = on;
SELECT pg_catalog.set_config('search_path', '', false);
SET check_function_bodies = false;
SET xmloption = content;
SET client_min_messages = warning;
SET row_security = off;

SET default_tablespace = '';

SET default_table_access_method = heap;

--
-- Name: channels; Type: TABLE; Schema: public; Owner: postgres
--

CREATE TABLE public.channels (
    id uuid NOT NULL,
    user_id uuid NOT NULL,
    yt_id character varying(24) NOT NULL,
    title character varying(50) NOT NULL,
    description text,
    published_at timestamp without time zone DEFAULT now() NOT NULL
);


ALTER TABLE public.channels OWNER TO postgres;

--
-- Name: users; Type: TABLE; Schema: public; Owner: postgres
--

CREATE TABLE public.users (
    id uuid NOT NULL,
    email character varying(256) NOT NULL,
    username character varying(30) NOT NULL,
    birth_date date NOT NULL,
    date_registration date NOT NULL
);


ALTER TABLE public.users OWNER TO postgres;

--
-- Name: videos; Type: TABLE; Schema: public; Owner: postgres
--

CREATE TABLE public.videos (
    id uuid NOT NULL,
    channel_id uuid NOT NULL,
    yt_video_id character varying(11) NOT NULL,
    title character varying(200),
    published_at timestamp without time zone DEFAULT now() NOT NULL,
    description text
);


ALTER TABLE public.videos OWNER TO postgres;

--
-- Data for Name: channels; Type: TABLE DATA; Schema: public; Owner: postgres
--

COPY public.channels (id, user_id, yt_id, title, description, published_at) FROM stdin;
409b206a-2f8f-4048-b87f-297d5fa6b4fb	01d300b9-1d69-4d05-9368-59d470602e69	UCVtFOytbRpEvzLjvqGG5gxQ	KSI	For any inquiries contact Mams Taylor – Mams@properloud.com\n\nThick Of It coming soon 👀  https://lnk.to/KSI-thickofit\n	2009-07-25 01:11:42
fe3d47fb-626c-467e-baf9-e3b5f431eeb7	836bdbea-5818-4bcc-a384-164c6bac3a8e	UC20vb-R_px4CguHzzBPhoyQ	EminemVEVO	Eminem on Vevo - Official Music Videos, Live Performances, Interviews and more...	2009-05-12 05:27:52
fcef8e02-9773-4394-b5a8-1cac5158ef23	ce8a54cf-e6f6-417c-8fa0-63481f45d64b	UCNYi_zGmR519r5gYdOKLTjQ	JENNIE		2021-01-13 06:19:55.86689
c8e8fbc9-e13c-41e6-8c42-c9f57ea99c22	5a6ab715-d77b-4c44-ac83-00372040a688	UCz015ho6P0Ooo7IZFyQU7fw	Tee Grizzley	POST TRAUMATIC \nhttps://teegrizzley.lnk.to/posttraumatic	2017-01-25 19:37:52
560d5823-a13f-4943-b68a-7759fa1504d3	3260e5cc-4354-4ebb-9a8c-b90d7de57ae5	UCaxOQZrF5llUMp-JjesUz1A	Lil Durk	Lil Durk's OFFICIAL channel! Subscribe for all music videos, behind the scenes and tour videos from Lil Durk & OTF as they'll drop here first. \n\nDurk Banks aka Lil Durk was born and raised in Englewood, a neighborhood on Chicago's South Side. He gained prominence through his 'Signed to the Streets' mixtape released through Coke Boys and his imprint OTF (Only The Family). He's since risen as Chicago's current flagbearer of street rap. \n\nHis efforts lead to a signing with major label Def Jam, where he released his debut album 'Remember My Name' which debuted at #2 on the Billboard Rap charts. He continues to dominate the street rap scene while reaching into different territories.	2016-03-15 23:30:05
aabf04b6-343f-4e90-a1f6-95c0c120fa1a	5271f981-bdd1-49a0-a13d-3d4e17d09be8	UCmlkznD61Olu82oYGFr8gxg	GloRillaVEVO		2022-07-18 10:27:04.825986
adec7332-093f-493d-8c48-2bf0cfdb68ba	7f41d235-b882-4b85-a0d7-9fa74a94dc01	UCenjunBhBhvKjfDAESnoppw	RodWave		2016-05-30 02:45:34
e86adf68-a3f1-4c3b-a385-98346803d16f	0c280574-a2c7-4eff-895e-2f62048ddf03	UCDGmojLIoWpXok597xYo8cg	BillieEilishVEVO		2016-08-16 17:22:39
da14302a-7e4e-40fb-b1bf-3737b0cd5ad3	4582c39f-f80c-4a43-9410-96697bbe4346	UChjUd3NTEnc3MzqckoRZ51A	K-dilak Mesaje A	Pa bliye abonné channel mwen an please\nInf: +50932199264	2017-07-24 21:03:57
f76f2e7a-f67c-4e36-bfe1-b76bcb9893ea	c553bc8d-c1ed-4adc-aad3-f9b9abe6cab0	UCj1EfO3tUyVxOPnWlyKCBBQ	Tito Double P	Double P Records	2023-06-05 22:59:39.669866
50870ae2-7c3b-49df-8eb5-abb1994923c8	d4820587-31cf-452d-bc94-c49942b12645	UCF_fDSgPpBQuh1MsUTgIARQ	TheWeekndVEVO	The Weeknd on Vevo - Official Music Videos, Live Performances, Interviews and more...	2011-07-13 16:58:00
e78803ff-a61a-478f-b35e-965261b36e54	5074e329-1c6d-4d38-8870-c243f65c8fde	UC023sB-A8vI7F3ByKMF9BGA	VonOff1700	LETS B HONEST WE RUN THE CITY	2019-01-17 02:16:31
82f20e8f-7ee3-4122-a7df-94e5cd73c180	5bc8e35d-f9be-4cdf-88ae-a818566b15df	UCIT-fIKaLRdHHd0bcr4jduA	Planet Records Cuba / Miami	EL CANAL #1 DE LA MUSICA CUBANA, los mejores videos de REPATON ► REPA MUSIC ► CUBATON ► MUSICA REPARTERA ► ZUMBA ► SALSA ► TIMBA ► URBANO ►REPARTO  todo lo que suena ahora en la farándula de La Havana, Santiago y Miami!  Planet Records es la mas poderosa etiqueta discográfica especializada en MUSICA TROPICAL y LATINA, con sedes en Europa, Estados Unidos, República Dominicana y Cuba. \n\nSUBSCRIBETE, los mejores Videos desde Cuba y Miami TODAS LAS SEMANAS!\n\nMUSICA REPARTO MIX ► REPATON MIX ► REPA MUSIC MIX ► CUBATON MIX ► REGGAETON CUBANO MIX ► SALSA MIX ► REGGAETON MIX ► ZUMBA MIX ►  LATIN MUSIC ► LATIN HITS ► LATINO MIX ►POP LATINO ► POP EN ESPANOL ► REGGAETON 2024 ► ZUMBA 2024 ► BACHATA 2024 ► SALSA 2024 ► CUBATON 2024	2012-09-25 09:35:13
1e4a9dcc-f873-4e5e-8efa-73f06092418c	a3b8ed50-c5ef-43f7-8df4-23233dfd936c	UCYLNGLIzMhRTi6ZOLjAPSmw	Shakira	SOLTERA 💋 out now!	2005-10-16 09:08:20
27f31b7d-d036-4a3c-915c-04ebf6c5443f	c8d9706f-23a6-42dc-8755-1f626b890efe	UClQxlqc1eT_vsH7Dyorzosw	RealBostonRicheyVEVO		2022-06-06 21:40:52.847884
945c8b58-518a-4b97-ae8a-d3459748fad7	2b737aa1-ae79-476b-b3b3-1a0ebaf388fa	UCVFRVXH1hRoWkmpKCRmLMiQ	GracieAbramsVEVO		2019-10-15 22:06:58.965684
eeda679c-2ab8-4179-8567-2b1e9848b22f	88150f16-a6d0-4c8a-9756-2d3a948bf581	UCKsN6xyJ2w8g7p4p9apXkYQ	Grupo Frontera	¡Escucha nuestro nuevo album “JUGANDO A QUE NO PASA NADA” en todas las plataformas!\nTodo comenzó como un pasatiempo el cual pronto se convirtió en un sueño hecho realidad.\n\nFormado en el Valle de Texas con raíces de Tamaulipas y Nuevo León, Grupo Frontera fue establecido en el 2022.\n\nEsta agrupación se caracteriza por su mezcla de ritmos norteños y cumbias. Su más grande éxito hasta el momento está en la canción No Se Va, la cual ha llevado a los integrantes a darse a conocer en todo Estados Unidos y la República Mexicana.\n	2021-06-20 17:52:16.364529
f5cfe9d3-0c8a-4b9e-ad16-0ba149ba3ef4	b97fbdc9-2559-4c84-90a4-baf7d4d81f4b	UCWot_hGZs3ovEEzAKu_EzLw	Finesse2tymes	Finesse2Tymes \nMob Ties\n\nFOLLOW FINESSE2TYMES\nInstagram: Finesse2Tymes.lnk.to/Instagram\nTikTok: Finesse2Tymes.lnk.to/TikTok\nFacebook: Finesse2Tymes.lnk.to/Facebook\nFacebook: Finesse2Tymes.lnk.to/Discord\n\nLISTEN TO FINESSE2TYMES\nApple: Finesse2Tymes.lnk.to/AppleMusic\nSpotify: Finesse2Tymes.lnk.to/Spotify\nSoundcloud: Finesse2Tymes.lnk.to/SoundCloud\nAudiomack: Finesse2Tymes.lnk.to/Audiomack\n \nThe official YouTube channel of Mob Ties, Bread Gang, and Atlantic Records artist Finesse2Tymes. Subscribe for the latest music videos, performances, and more.\n	2018-11-27 22:23:27
a98226fe-1222-4e1b-be7e-f6f6dd4a12ee	fb1fec65-ebbd-4dab-8d6c-636d84c73a9a	UCdISkjgt4SN6_RMs5nmXdcg	The Official Billionaire Black	Billionaire Black Official Channel One Of Chicago's Drill Creators FBG Clout Boyz  \nRIP Fbg Duck Rip Richie Jerk Like & Sub #EG4L\n	2020-12-20 18:05:20.994313
dafcc6ce-154c-4f86-ba48-7fe1f7c8c959	8863dee9-b676-4ae2-957e-bd3deec543c5	UCTqmDXJhRefkgqYotqBv6-g	LilDurkVEVO	Lil Durk on Vevo - Official Music Videos, Live Performances, Interviews and more...	2012-05-14 22:48:08
\.


--
-- Data for Name: users; Type: TABLE DATA; Schema: public; Owner: postgres
--

COPY public.users (id, email, username, birth_date, date_registration) FROM stdin;
01d300b9-1d69-4d05-9368-59d470602e69	ksi@gmail.com	ksi	1994-03-12	2011-07-23
836bdbea-5818-4bcc-a384-164c6bac3a8e	eminemvevo@gmail.com	eminemvevo	1991-10-17	2010-06-07
ce8a54cf-e6f6-417c-8fa0-63481f45d64b	jennierubyjane@gmail.com	jennierubyjane	1992-09-22	2010-08-25
5a6ab715-d77b-4c44-ac83-00372040a688	teegrizzley@gmail.com	teegrizzley	1998-01-20	2010-06-06
3260e5cc-4354-4ebb-9a8c-b90d7de57ae5	lildurk@gmail.com	lildurk	1985-07-26	2012-12-08
5271f981-bdd1-49a0-a13d-3d4e17d09be8	glorillavevo7622@gmail.com	glorillavevo7622	2000-03-03	2012-12-06
7f41d235-b882-4b85-a0d7-9fa74a94dc01	rodwaveofficial@gmail.com	rodwaveofficial	1992-01-26	2010-09-20
0c280574-a2c7-4eff-895e-2f62048ddf03	billieeilishvevo@gmail.com	billieeilishvevo	1993-04-14	2011-07-27
4582c39f-f80c-4a43-9410-96697bbe4346	kdilakmesajea@gmail.com	kdilakmesajea	1995-10-20	2009-12-18
c553bc8d-c1ed-4adc-aad3-f9b9abe6cab0	titodoublep@gmail.com	titodoublep	1997-05-02	2013-01-09
d4820587-31cf-452d-bc94-c49942b12645	theweekndvevo@gmail.com	theweekndvevo	1992-05-06	2011-06-04
5074e329-1c6d-4d38-8870-c243f65c8fde	vonoff1700tg@gmail.com	vonoff1700tg	2002-10-11	2010-10-12
5bc8e35d-f9be-4cdf-88ae-a818566b15df	planetrecordscuba@gmail.com	planetrecordscuba	2002-01-07	2008-06-22
a3b8ed50-c5ef-43f7-8df4-23233dfd936c	shakira@gmail.com	shakira	1997-09-28	2009-10-13
c8d9706f-23a6-42dc-8755-1f626b890efe	realbostonricheyvevo4532@gmail.com	realbostonricheyvevo4532	1999-07-12	2009-12-28
2b737aa1-ae79-476b-b3b3-1a0ebaf388fa	gracieabramsvevo5130@gmail.com	gracieabramsvevo5130	1993-04-01	2015-07-20
88150f16-a6d0-4c8a-9756-2d3a948bf581	grupofronteraoficial@gmail.com	grupofronteraoficial	1987-11-28	2013-02-15
b97fbdc9-2559-4c84-90a4-baf7d4d81f4b	finesse2tymes1@gmail.com	finesse2tymes1	1995-11-26	2009-11-07
fb1fec65-ebbd-4dab-8d6c-636d84c73a9a	theofficialbillionaireblack@gmail.com	theofficialbillionaireblack	2000-12-13	2012-11-11
8863dee9-b676-4ae2-957e-bd3deec543c5	lildurkvevo@gmail.com	lildurkvevo	1998-04-05	2009-01-16
\.


--
-- Data for Name: videos; Type: TABLE DATA; Schema: public; Owner: postgres
--

COPY public.videos (id, channel_id, yt_video_id, title, published_at, description) FROM stdin;
ef385776-d0ed-4bb8-acd3-3c17c1ce8e05	409b206a-2f8f-4048-b87f-297d5fa6b4fb	At8v_Yc044Y	KSI - Thick Of It (feat. Trippie Redd) [Official Music Video]	2024-10-03 19:00:06	KSI - Thick Of It (feat. Trippie Redd) [Official Music Video]\nListen Now: https://lnk.to/Thickofit_Low\n\nFollow KSI\nInstagram: https://www.instagram.com/ksi\nFacebook: https://www.facebook.com/KSIOlajidebt\nTwitter: https://twitter.com/KSI\nTikTok: https://www.tiktok.com/@ksi\nSpotify: https://open.spotify.com/artist/1nzgtKYFckznkcVMR3Gg4z\n\nCredits\n\nDirector: KC Locke\nExec Producer: Jenny O’Sullivan, Marisa Garner, KC Locke\nDirectors Rep: Marisa Garner\nProduction Company: Swords & Eagles\nProducer: Gráinne Dwyer, Emily Power\nDOP: Joe Douglas  \nProduction Designer: Jenny O'Sullivan\nEditor: Jamil Shaukat  \n\nHead of Video & Creative Commissioner: Kim Jarrett\n\n********************************************** \nProd coordinator: Zoë Brennan Whitmore\nPA: Onai Tafuma, Laura Weiymi, Khaya Tafuma\nCasting: Fiona Dwyer\nTalent PA: Laura Whelan\nProd Accounts: Roisin Dwye, Catherine Brown\n\n1st AD: Wes O’ Duinn\n2nd AD: Nicola Long\n1st AC:  Charlie Fleetwood\n2nd AC: Patrick Moran\nCamera Trainee: Jack Long\nDIT: Jamil Shaukat\nGrip: John Connon\nGrip Assistant: Christopher Connon\nRigging: David Lawless ℅ Spectrum Productions\n\nGaffer: Andrej Pacher\nSpark: Sean Smith\nBest Boy: John Allan\nBest Boy: James Farrell\nLighting Trainee: David Cleary\nBuyer: Sean O’Mahony\nArt Assistant: Edward Cunningham \nArt Assistant: Dave Dillon Keating\nSet Dresser: Giovanna Chiarella\nProps: Props 360\nProps:AMPM\n\nSFX: FX Ireland ℅ Brendan Byrne \nSFX Technician: Philippe Zone\nAction Car: DNA Action Vehicles\n\nKSI MUA: Shamara Roper\nKSI Stylist:  Vivian Nwonka\nMUA: Aitana Silvana\nMUA: Cliona Campbell\nStylist: Eoin Gavin\nHair Stylist for talent: Gift Ndukwu\n\nTalent: \nIce Girl: Oyin Adeyemi\nStockbroker: John Manning \nOffice Extra: Sasha Boyle\nOffice Extra: Lucy Loughran\nOffice Extra: Chris Wong\nOffice Extra: Jamie C\nOffice Extra: Diana Y\n\nBTS: Firmative Media, Paddy McKeown, Conor Eiffe\n\n**********************************************\nCamera Rentals: Widescreen Hire\nLighting Rentals: Teach Solais & Production Services Ireland\nLocation utilities: Irish Film Location Facilities\nMedic: Blue Screen Medics\nSecurity: Pulse Security\nCatering: The Divine Foodie\n\nSpecial thanks to: Complex Studios, Dublin City Council, Fresh Point, Oxmantown, Boars Head & Bow Street. \n\n**********************************************\n\nPost Producer: KC Locke\nPost Supervisor: Jamil Shaukat\nEditing House: Picture Lock\n\nVFX Studio: Null Studios\nVFX Producer: Jacob van Pelt, Justin Hwang\n\n3D Artists:\nTehage Horgosigergely\nZoltán Szatmári\nSamet Berk\nMustanu Eugeniu\nBaurzhan Sabyrzhanov\nAndrés Prieto\n\n3D Simulation Artist:\nLKSvisuals\n\nVFX Compositing Artists: \nAnurag Raj\nJacob van Pelt\nValts Bergmanis\nTehage Horgosigergely\n\nKeying/Cleanup Artists:\nAndrés Prieto \nRinalds Stilins \nLleyton Watts\n\nColour House: Harbor Picture Co\nColour Producer: Charlie Moris \nColourist: Alex Gregory \nColour assist: Sarah Banks\n\nTitles: Bimmy
5a2b9e08-4576-44d2-adb9-7122be3582a5	fe3d47fb-626c-467e-baf9-e3b5f431eeb7	ZaK9Wi5ho0o	Eminem - Temporary (feat. Skylar Grey) [Official Music Video]	2024-10-03 17:00:22	Eminem - Temporary (feat. Skylar Grey) \nListen: https://eminem.lnk.to/TDOSSExpanded \n\nhttp://eminem.com\nhttps://www.facebook.com/eminem\nhttps://twitter.com/eminem\nhttps://www.instagram.com/eminem\n\nhttp://shadyrecords.com\nhttps://www.facebook.com/ShadyRecords/\nhttps://twitter.com/shadyrecords\nhttps://www.instagram.com/shadyrecords\n\n#Eminem #Temporary #SkylarGrey \n\nMusic video by Eminem, Skylar Grey performing Temporary.© 2024 Marshall B. Mathers III
a6efe883-c968-41d5-8245-71f5429a9d87	fcef8e02-9773-4394-b5a8-1cac5158ef23	bB3-CUMERIU	JENNIE - Mantra (Official Music Video)	2024-10-11 00:00:06	Official music video for “Mantra” by JENNIE out now: https://jennie.lnk.to/mantra\n\nDirected by Tanu Muino\n\nFollow JENNIE -\n\nInstagram: https://www.instagram.com/jennierubyjane\nTikTok: https://www.tiktok.com/@jennierubyjane\nTwitter: https://twitter.com/jennierubyjane\n\nhttps://jenn.ie\n\n#JENNIE #Mantra #제니
263c85c6-b451-4bd5-be6c-e480cf11aa2e	c8e8fbc9-e13c-41e6-8c42-c9f57ea99c22	34_vkNV6wrU	Tee Grizzley - Robbery 8 [Official Video]	2024-10-04 04:00:34	The official video for Tee Grizzley's "Robbery 8" - OUT NOW!\n\nDirected by @JerryPHD \n\nStream "Robbery 8": https://teegrizzley.lnk.to/posttraumatic\n\nSubscribe to Tee Grizzley's Channel: http://flyt.it/SubscribeTee\n\nFollow Tee:\nhttps://www.instagram.com/teegrizzley\nhttps://www.tiktok.com/@tee_grizzley\nhttps://x.com/teegrizzley\nhttps://www.facebook.com/teegrizzley1\n\n#TeeGrizzley #GrizzleyGang #Robbery8 #OfficialVideo\n\n℗ 2024 Grizzley Gang Music under exclusive distribution by 300 Entertainment
14979253-13a0-42a9-b87f-c53fb8cc3b82	560d5823-a13f-4943-b68a-7759fa1504d3	IpffX4rqGAA	Lil Durk - Monitoring Me (Official Video)	2024-10-04 04:00:26	"Monitoring Me", Out Now Off Of Lil Durk's Upcoming Album, Deep Thoughts:\nhttps://lildurk.lnk.to/deepthoughts\n\nDirected by @JerryPHD‬ \n\n1st Annual Birthday Bash Concert at United Center in Chicago:\nhttps://lildurk.lnk.to/birthdaybash\n\nFollow Lil Durk:\nhttps://LilDurk.lnk.to/instagram\nhttps://LilDurk.lnk.to/twitter\nhttps://LilDurk.lnk.to/tiktok\nhttps://LilDurk.lnk.to/facebook\n\nListen To Lil Durk:\nhttps://LilDurk.lnk.to/spotify\nhttps://LilDurk.lnk.to/applemusic\nhttps://LilDurk.lnk.to/soundcloud\n\nShop:\nhttps://otfgear.com\n\nSubscribe: http://bit.ly/Subscribe-to-Durk\n\n#LilDurk #DeepThoughts
ecf09a2f-1054-4a66-b831-ac3bd5c5838d	aabf04b6-343f-4e90-a1f6-95c0c120fa1a	Uf8Uxgi1uwY	GloRilla - Hollon (Official Music Video)	2024-10-04 19:00:24	Stream "Hollon" out everywhere: https://glorilla.lnk.to/Hollon\n\nPre-Order Glorilla's debut album 'GLORIOUS' out 10/11: https://glorilla.lnk.to/Glorious\nFollow #GloRilla:\nInstagram: https://www.instagram.com/glorillapimp/\nTwitter: https://twitter.com/GloTheofficial\nTikTok: https://www.tiktok.com/@glorilla03\nFacebook: https://www.facebook.com/gloyaltygirl\nMerch: https://shop.glorillaofficial.com/\nKeep up with GloRilla on #GloRidaz:\nInstagram: https://www.instagram.com/gloridazofficial/\nTwitter: https://twitter.com/RealGloridaz\nTikTok: https://www.tiktok.com/@gloridazofficial\n\n#GloRilla #GLORIOUS #Hollon #CMGTheLabel\n\nMusic video by GloRilla performing Hollon.© 2024 CMG/Interscope Records
4f251477-8cf4-408f-b579-e5aaeb2eb763	adec7332-093f-493d-8c48-2bf0cfdb68ba	k-z52Y1MoSY	Rod Wave - Last Lap (Official Audio)	2024-10-11 04:00:36	Listen To Rod Wave's New Album "Last Lap"\nhttp://rodwave.lnk.to/LastLap\n\nEverything Rod Wave: \nhttps://official-rodwave.com\n\nLast Lap Tour Tickets:\nhttp://rodwave.lnk.to/LastLapTickets\n\nFollow Rod Wave:\n► Instagram: https://www.instagram.com/rodwave/\n► TikTok: https://rodwave.lnk.to/tiktok\n► Facebook: https://www.facebook.com/rodwave\n► Snapchat: https://www.snapchat.com/add/therealrodwave\n► Discord: https://discord.gg/rodwave\n► Twitter: https://twitter.com/rodwave\n\nListen to Rod Wave:\n► Apple Music: https://rodwave.lnk.to/applemusic\n► YouTube: https://rodwave.lnk.to/youtube\n► Spotify: https://rodwave.lnk.to/spotify\n► SoundCloud: https://rodwave.lnk.to/soundcloud\n► Amazon: https://rodwave.lnk.to/amazonmusic\n► TIDAL: https://rodwave.lnk.to/TIDAL\n\n#Rodwave #LastLap
b2faa954-0da2-4699-bfc8-078368f5b48f	adec7332-093f-493d-8c48-2bf0cfdb68ba	sVJYuRPeLJk	Rod Wave - Angel With An Attitude (Official Audio)	2024-10-11 04:00:46	Listen To Rod Wave's New Album "Last Lap"\nhttp://rodwave.lnk.to/LastLap\n\nEverything Rod Wave: \nhttps://official-rodwave.com\n\nLast Lap Tour Tickets:\nhttp://rodwave.lnk.to/LastLapTickets\n\nFollow Rod Wave:\n► Instagram: https://www.instagram.com/rodwave/\n► TikTok: https://rodwave.lnk.to/tiktok\n► Facebook: https://www.facebook.com/rodwave\n► Snapchat: https://www.snapchat.com/add/therealrodwave\n► Discord: https://discord.gg/rodwave\n► Twitter: https://twitter.com/rodwave\n\nListen to Rod Wave:\n► Apple Music: https://rodwave.lnk.to/applemusic\n► YouTube: https://rodwave.lnk.to/youtube\n► Spotify: https://rodwave.lnk.to/spotify\n► SoundCloud: https://rodwave.lnk.to/soundcloud\n► Amazon: https://rodwave.lnk.to/amazonmusic\n► TIDAL: https://rodwave.lnk.to/TIDAL\n\n#Rodwave #LastLap
55aa1c35-a5b6-4113-b16e-8a2297f114c9	aabf04b6-343f-4e90-a1f6-95c0c120fa1a	Py9S2bD0RZQ	GloRilla - WHATCHU KNO ABOUT ME ft. Sexyy Red (Official Music Video)	2024-10-11 04:00:06	Stream “GLORIOUS” Out Everywhere: https://glorilla.lnk.to/Glorious\n\nFollow #GloRilla: \n\nInstagram: https://www.instagram.com/glorillapimp/\nTwitter: https://twitter.com/GloTheofficial\nTikTok: https://www.tiktok.com/@glorilla03\nFacebook: https://www.facebook.com/gloyaltygirl\nMerch: https://shop.glorillaofficial.com/\n\nKeep up with GloRilla on #GloRidaz:\nInstagram: https://www.instagram.com/gloridazofficial/\nTwitter: https://twitter.com/RealGloridaz\nTikTok: https://www.tiktok.com/@gloridazofficial\n \n#GloRilla #GLORIOUS #CMGTheLabel\n\nMusic video by GloRilla performing WHATCHU KNO ABOUT ME.© 2024 CMG/Interscope Records
feb8ff55-e291-4770-a6c4-3f3ced075c20	e86adf68-a3f1-4c3b-a385-98346803d16f	V9PVRfjEBTI	Billie Eilish - BIRDS OF A FEATHER (Official Music Video)	2024-09-27 15:00:38	Listen to HIT ME HARD AND SOFT: http://BillieEilish.lnk.to/HITMEHARDARDANDSOFT\nDownload BIRDS OF A FEATHER Live from Billie’s Amazon Music Songline performance: https://billieeilish.lnk.to/BIRDSOFAFEATHER-AMAZONDOWNLOAD \nGet tickets: https://BillieEilish.lnk.to/TourDates \n\n Follow Billie Eilish: \n\nTikTok: https://BillieEilish.lnk.to/TikTok \nInstagram: https://BillieEilish.lnk.to/Instagram \nFacebook: https://BillieEilish.lnk.to/Facebook \nTwitter: https://BillieEilish.lnk.to/Twitter \nYouTube:    / billieeilish   \nWhatsApp: https://BillieEilish.lnk.to/WhatsApp \nEmail: https://BillieEilish.lnk.to/SignUp \nStore: https://BillieEilish.lnk.to/Store \nCell: +1 (310) 807-3956\n\nMusic video by Billie Eilish performing BIRDS OF A FEATHER.© 2024 Darkroom/Interscope Records
8f352260-dc37-453d-82ab-b2eada472bf7	da14302a-7e4e-40fb-b1bf-3737b0cd5ad3	KpEltdZphA8	K-DILAK AND BEDJINE (KONSEKANS OFFICIAL VIDEO)	2024-10-09 23:00:06	https://www.instagram.com/kdilakmesajea?igsh=MTIxMWFvY2h2ZnMzMw%3D%3D&utm_source=qr\n\nhttps://www.facebook.com/cadilacrapeur?mibextid=LQQJ4d\nhttps://www.instagram.com/bedjineofficiel?igsh=MWdhYXJoZHVoZ2plZw==\nhttps://www.facebook.com/share/bqjvk26dNZ3YMNho/?mibextid=LQQJ4d\nhttps://www.tiktok.com/@bedjineofficiel?_t=8qPB03LPNnz&_r=1\nhttps://www.tiktok.com/@kdilak_mesajea?_t=8qPB6LWkEKU&_r=1\nhttps://open.spotify.com/artist/41LfzAKDgFA3WzxRTL5fEv?si=bwYUdSiuSJ-KyaUq6lGntg\n\nVideo Credits:\nText: K-dilak mesajea\nMelodie: Bedjine\nBeat maker: Magico beat\nDrumer: Shedly Abraham\nGuitar: Robenson Desius\nMixing: Ti Regi\nMastering: Ti Regi \nChorus: Beby Joe\nDirector: Dominique Telemaque\nStylist: Cassie\nMakeup: Fabienne
45e25133-50c5-4025-9c2f-807badfb65cc	f76f2e7a-f67c-4e36-bfe1-b76bcb9893ea	54YpK2I6BM8	El Lokeron (Video Oficial) - Tito Double P	2024-10-08 01:00:06	El Lokeron (Video Oficial) - Tito Double P\n\nESCUCHA / LISTEN:\nhttps://orcd.co/xexnbml\n\nIntérprete: Tito Double P\nComposición: Jesús Roberto Laija García, Jesús Camacho Producción: Jesus Roberto Laija Garcia, Ernesto Fernandez\n\nLETRA:\nCon la gorrita de lado los ojos tumbados y cargo un Placon\nLoco cabrón así me dice que soy\nLos plebes andan ondeados si bajan los vidrios un humaderon sale el olor a pura flor\ntengo llamadas perdidas mi morra ya varias veces me marcó quiere que ya me regrese pal cantón\nY que la de por perdida no hay pedo aquí tengo a su amiga aún lado y lo mueve mucho mejor Mucho mejor no te tengo aquí a mi lado\nPero me la paso chingon\nVan 4 días enfiestado encerrado traigo un loqueron\nUn loqueron no es por amor el lokeron\n\nEl lokeron mi pa”\nAy mamá\n\nPata fondo acelerado bien adiamantado\nTraigo el rolexon atrás de mí viene un convoy\nLas plebes andan ondeados las puntas por fuera se ve el blindado En el depa un reventón\nYa empezó y pónganse pilas\nQue las bandidas llegarán en calor\nY ahí viene dos pa Miguelon\nNo se me duerma plebada\nQué vienen morritas de medio millón en el TikTok de lo mejor\nDe lo mejor no te tengo aquí a mi lado\nPero me la paso chingon van 4 días enfiestado encerrado\nTraigo un loqueron un loqueron no es por amor el lokeron\n\nVIDEO:\nDirector: Mariel Cortes\nEP: Andrés Ibañez\nLP: Juls Martínez\n\nSpotify - https://spoti.fi/3RsDHUv Instagram - https://bit.ly/3TcibEW Apple Music - https://apple.co/3NdJn2u\n    \n Double P Records©\n#TitoDoubleP #Incomodo #ElLokeron
f6dc40bc-f7af-4d08-8fe6-53ddf8173e90	50870ae2-7c3b-49df-8eb5-abb1994923c8	5EpyN_6dqyk	The Weeknd, Playboi Carti - Timeless	2024-09-30 16:00:07	Music video by The Weeknd, Playboi Carti performing Timeless.© 2024 The Weeknd XO Music ULC, marketed by Republic Records, a division of UMG Recordings, Inc.
db5664f2-1530-4c19-978b-50e3ef030bd7	e78803ff-a61a-478f-b35e-965261b36e54	kTTNE4wvp8c	VonOff1700- Dead N****s ft. Polo G and G Herbo (Official Video)	2024-09-25 17:01:45	Official video for 'Dead N****s' by VonOff ft. Polo G and G Herbo\n#vonoff1700 #polog #gherbo #chicagorap #trending \n\nListen Now- https://vonoff1700.lnk.to/DeadNs\n\nFollow on Socials\nInstagram- https://www.instagram.com/vonoff1700/\nTikTok- https://www.tiktok.com/@vonoff1700_
6bbc4b7d-edaa-409c-8893-84601d25fba2	82f20e8f-7ee3-4122-a7df-94e5cd73c180	ae41hY_QdY0	CHARLY & JOHAYRON ❌ BEBESHITO ❌ EL TAIGER - EL PUNTO (Prod. by Ernesto Losa) [Video by NAN] #Repaton	2024-09-27 18:00:33	DALE LIKE y COMENTA ❌ SUSCRIBETE y ACTIVA LA CAMPANITA (🔔) http://bit.ly/PlanetRecordsCuba\nDisponible en todas las Plataformas Digitales: https://ffm.to/el-punto\n\nCHARLY & JOHAYRON ❌ BEBESHITO ❌ EL TAIGER - EL PUNTO (Prod. by Ernesto Losa)\n(p) (c) 2024 Planet Records [Powered by Planet Distribution] all rights reserved, worldwide exclusive.\n\nWritten By Charly & Johayron, Bebeshito, El Taiger. \nSound Designed and Produced by Ernesto Losa.\nA project by Roberto Ferrante for Planet Records.\nVideo directed by NAN.\nInstagram: 👉 https://www.instagram.com/nandirectedit\n\nModel Agency: Planet Talent Agency (La Habana - Cuba) a partner of Planet Records Group. \nInstagram: 👉 https://www.instagram.com/planet_talent_agency\n\nChoreography and Dance Crew: LoyalDanceCompany (La Habana - Cuba) LDC is a partner of Planet Records Group.\nInstagram: 👉 https://www.instagram.com/loyaldance_\n\nItalian Camera Operator: Sveva Robiony\nInstagram: 👉 https://www.instagram.com/svevarobiony_ph\n\nFollow PLANET RECORDS:\nInstagram: 👉 http://www.instagram.com/planetrecords\nFacebook: 👉 http://www.facebook.com/PlanetRecordsOfficial\n\nLETRA\nPlanet Records, Planet pla (Planet pla)\nFerrante\n(Charly y Johayron, Charly y Johayron)\n(Ernesto Losa)\n(Raulito calienta la timba)\nCharly y Johayron\n(TM)\nEl Taiger\nEleguá\n\nHablando mal de mí pa’ quedar bien\nY eso nunca cupo\nPero yo me sé la verdad\nLa que no cuenta en grupo\nEs que yo te enseñé a pensar\nYo te enseñé esos trucos\nY ahora te puedes marchar\nNo voy a guardarte el luto\n\nQue te conozco completa como lo explicas\n(Titaaa)\nQue me dedicas la mitad de lo que tú publicas\n(Titaaa)\nY yo sé que te duele que te arde y te pica\n(Titiii)\nQue lo que me deseas se te multiplica\nYa te cogió el comboy\n \nAhora mira este punto\nComo se atreve hablar mal de mí\nPero qué clase punto\nY ahí es cuando yo le pregunto, ehh\nCuál es el dolor si ya no estamos juntos\nSi ya no estamos juntos\nPero qué clase punto\nComo te atreves hablar mal de mí\nPa’ ganarte un punto ehh\nY ahí es cuando te pregunto, ehh\nCuál es el dolor si ya no estamos juntos\nSi ya no estamos juntos\n \nMostra inventado las mentiras\nYo que tú, las pongo en venta\nQue correctamente tú no eres tan correcta\nYo me quedo frio, tú en el aire las inventas\nNadie ve lo que publicas\nyo que tú cierro la cuenta\nAntes de hablar de mí\nDate por la boca\nQue no es lo mismo hablar de mi\nQue conmigo tú estás loca\nTú sola date por la boca\nQue yo soy la curvita donde tu carrito choca\n\nDale, date por la boca\nQue no es lo mismo hablar de mi\nQue conmigo tú estás loca\n\nDale, date por la boca\nYa no te han visto con tu novio\nPorque me vieron con otra\n\nDale, date por la boca\nQue la mujer la hace el carácter\nNo el cuerpo ni la ropa\nAquí si hay pa’ comer, pa’ llevar\nPero no te toca\nPorque ya\n\nTe conozco completa como lo explicas\nQue me dedicas la mitad de lo que tú publicas\nY yo sé que te duele que te arde y te pica\nQue lo que me deseas se te multiplica\n \nY que te conozco completa como lo explicas\nQue me dedicas la mitad de lo que tú publicas\nY yo sé que te duele que te arde y te pica\nQue lo que me deseas se te multiplica\n\nTe cogió el comboy, eoo\n\nYa entendimos cuál es su dolor (la marca)\nQue la calle tiene nombre y apellido\nCharly y Johayron, Bebeshito, Taiger\nSomos los cuatro ingredientes del batido\n\nLe hiciste un amarre a la pieza\nDe aguaje que te noto tiesa\nSal de arriba de mí que tú pesa\nVe pa’ allá con la cara esa esa esa\n\nPero qué clase punto\nComo te atreves hablar mal de mí\nPa’ ganarte un punto ehh\nY ahí es cuando te pregunto, ehh\nCuál es el dolor si ya no estamos juntos\nSi ya no estamos juntos\n \nQue te conozco completa como lo explicas\n(Niña niña)\nQue me dedicas la mitad de lo que tú publicas\n(Charly y Johayron)\nY yo sé que te duele que te arde y te pica\n(Suéltate Tita)\nQue lo que me deseas se te multiplica\n(Titi titi)\n \nY que te conozco completa como lo explicas\n(Suéltate Titaa)\nQue me dedicas la mitad de lo que tú publicas\nY yo sé que te duele que te arde y te pica\nQue lo que me deseas se te multiplica\n____________\nEl Punto,Charly & Johayron,Bebeshito,El Taiger,Charly & Johayron Bebeshito El Taiger El Punto,Ernesto Losa,Roberto Ferrante,Charly & Johayron El Taiger Cupido,Cupido,Bebeshito El Taiger Marca Mandarina,Marca Mandarina,El Boom,Nutella,La Batidora,Que Rico Me Siento,La Cubana Que Falta En Miami,Totaila,Hacha,22 Caminos,Le Dicen Mami,Durisima,Profeta,Usted Es Mia,Copiloto,Una Copia De Mi,EGO,Repaton,Repaton 2024,Reparto,Repartero,Reggaeton Repartero,Reggaeton Reparto,Reggaeton Cubano,Cuban Reggaeton,Musica Repartera,Musica Reparto,Musica Cubana,Cuban Music,Cubanos,Cubano,Cuban,Cubaton,Raggamorfa,Ragga Morfa,El Kimiko y Yordy,Fixty Ordara y Ja Rulay,El Dray,Were,L Kimii,Yordy Dk,Wampi,Wow Popy,Orlenis 22k,Gente De Zona,Divan,Alex Duvall,Michel Boutic,El Paquete De Cuba,Lo Mas Pegao De Cuba,Planet Records,Planet Distribution\n\n#Repaton #ElPunto #CharlyJohayron #Bebeshito #ElTaiger #ErnestoLosa #RobertoFerrante #Tasty #Reggaeton #Cubaton #Reparto #Repartero #PlanetRecords #PlanetDistribution
057acb1b-e039-4bbb-aa5a-aaf0c14280e7	1e4a9dcc-f873-4e5e-8efa-73f06092418c	oC3pVeJraUo	Shakira - Soltera (Official Lyric Video)	2024-10-07 23:05:01	Music: \n\nApple Music:  https://Shakira.lnk.to/Soltera/applemusic\nSpotify: https://Shakira.lnk.to/Soltera/spotify\nAmazon: https://Shakira.lnk.to/Soltera/amazonmusicstreaming\nYouTube: https://Shakira.lnk.to/Soltera/youtube\niTunes: https://Shakira.lnk.to/Soltera/itunes\nDeezer: https://Shakira.lnk.to/Soltera/deezer\nTikTok: https://Shakira.lnk.to/Soltera/tiktokusemysound\nPandora: https://Shakira.lnk.to/Soltera/pandora\n\nLyrics:\n\nSalí pa’ despejarme\nY ya cansada de estar apagada\nDecidí prenderme\nCambié de amigos\nPorque los que estaban solo hablaban de él\nA las malas me tocó aprender\nQue no tengo nada que perder\nY como ellos también\n\nYo tengo derecho de portarme mal \nPa’ pasarla bien\nEstoy suelta y ahora\nPuedo hacer lo que quiera \nSe pasa rico soltera\n\nYo tengo derecho de portarme mal \nPa’ pasarla bien \nEstoy suelta y ahora\nPuedo hacer lo que quiera \nSe pasa rico soltera\n\nEl día está pa’ bote y playa\nY para pasarme de la raya.\nEn la arena sobre la toalla,\nEse plancito nunca falla.\nEsta nena tiene fans\nY el corazón partío, como Sanz\nMuchos son los que me tiran, pero\nPocos son los que me dan.\n \nSoy selectiva, poca trayectoria,\nNormal,\nPor razones obvias\nAl amor le cogí fobia,\nPerro que me escriba pantallazo y pa' su novia\nNadie va a decirme cómo me debo comportar\nPueden opinar, pero\n\nYo tengo derecho de portarme mal \nPa’ pasarla bien\nEstoy suelta y ahora\nPuedo hacer lo que quiera \nSe pasa rico soltera\n\nYo tengo derecho de portarme mal \nPa’ pasarla bien \nEstoy suelta y ahora\nPuedo hacer lo que quiera \nSe pasa rico soltera\n\nCon vista al mar, reservé el hotel\nYa me prendí con un solo coctel\nMe puse poca ropa pa' mostrar la piel\nLa abeja reina está botando miel\n\nAun huele a verano aquí\n¿Qué tiene de malo? Sí,\nEso es para usarlo y\n \nMi cuerpo está diciendo…\n\nYo tengo derecho de portarme mal \nPa’ pasarla bien\nEstoy suelta y ahora\nPuedo hacer lo que quiera \nSe pasa rico soltera\n\nAun huele a verano aquí\n¿Qué tiene de malo? Sí\nEso es para usarlo y\n \nMi cuerpo está diciendo…\n\nAun huele a verano aquí\nY eso es para usarlo, si\nHoy algo me gano aquí, \n \nAy, \n\nAhh, se pasa rico soltera \nY ahora las lobas…\n\nYo tengo derecho de portarme mal \nPa’ pasarla bien\nEstoy suelta y ahora\nPuedo hacer lo que quiera \nSe pasa rico soltera\n\nAy que rico…mira que rico\n\nYo tengo derecho de portarme mal \nPa’ pasarla bien \nPa’ que ese cabrón \nCuando me vea le duela\nSe pasa rico soltera\n\nYo tengo derecho de portarme mal \nPa’ pasarla bien \nPa’ que ese cabrón \nCuando me vea le duela\nSe pasa rico soltera\n\nShakira: \nOfficial Site: https://www.shakira.com\nOfficial Store: https://shakira.store\nInstagram: https://www.instagram.com/shakira\nTik Tok: https://www.tiktok.com/@shakira\nFacebook: https://www.facebook.com/shakira\nX: https://x.com/shakira\n\n#Shakira #Soltera\n\nOfficial Lyric Video by Shakira performing Soltera. (C) 2024 Ace Entertainment S.ar.l., under exclusive license to Sony Music Entertainment US Latin LLC
806ab4cf-612a-4bdd-8024-4b54a19bf841	27f31b7d-d036-4a3c-915c-04ebf6c5443f	72pEdIPO3ZY	Real Boston Richey - Go Richey (Official Music Video)	2024-10-04 04:00:22	Real Boston Richey - Go Richey (Official Music Video)  \n\n"Go Richey" available at: https://RealBostonRichey.lnk.to/GoRichey\n\nFollow Real Boston Richey: \nhttps://www.instagram.com/realbostonrichey/ \nhttps://twitter.com/OfficialRealB \nhttps://www.tiktok.com/@realbostonrichey  \n\n(C) 2024 Freebandz Global under exclusive license to Epic Records, a division of Sony Music Entertainment.  \n\n#RealBostonRichey #GoRichey
c2c3a229-1423-493b-bdde-823b72f51ec5	945c8b58-518a-4b97-ae8a-d3459748fad7	jmzAf54Re8A	Gracie Abrams - I Love You, I'm Sorry (Live) | Vevo Extended Play	2024-10-02 19:00:22	Gracie Abrams - I Love You, I’m Sorry | Vevo Extended Play\n\nWatch Gracie Abrams music videos: https://www.youtube.com/GracieAbrams\n\nGracie Abrams\nInstagram: instagram.com/gracieabrams\nTwitter: twitter.com/gracieabrams\nFacebook: facebook.com/gracieabrams\nTiktok: tiktok.com/@tehegracietehe\n\nVevo: \nFacebook: https://www.facebook.com/Vevo/ \nInstagram: https://www.instagram.com/vevo/ \nTikTok: https://www.tiktok.com/@vevo \nX: https://twitter.com/Vevo\n\nExecutive Producer: JP Evangelista \nExecutive Producer: Chris Pereira\nExecutive Producer: Jordy Wax, Contrast Films\nDirector: Seth Halter\nCreative Director, Production: Liz Hart\nDirector, Line Production: Yanina Molina\nSenior Producer, Editorial: Ronni Leverich\nProducer: Stacey Branson \nProducer: Cole Brian, Contrast Films\nProducer: Anastasia Alvarado, Contrast Films\nDirector of Photography: Tristan Gramling\nHead of Design: Sydney Emery\nAssociate Creative Director: Brian Parisi\nTitle Design & Motion: Nick Resnicow\nDirector, Post Production: Michael Colman\nSenior Manager, Post Production: Dominic Siri\nEditor: Niki Murphy\nSenior Director, Talent Booking: Parul Chokshi\nDirector, Talent Booking: Gabby Prisciandaro\nHead of Artist/Label Relations & Digital Marketing: David McTiernan\n\nHannah Gold - VP, Marketing, Interscope\nChelsea Dodson - Creative, Interscope\nAllison Hsu - Digital Marketing, Interscope\nCarl Ryan - Artist Relations, Interscope\nYnna Tugung - Commercial Partners, Interscope\n\nCooper Cowgill - Musical Director and Bassist\nElle Puckett - Guitartist\nCasey Kalmenson - Keys and Co Musical Director\nGabe Smith - Drummer and guitarist\nTyler McCarthy - Guitarist\nMorgan Paros - Violinist\n\nEngineer/Music Producer: Vinnie Ferra\nTour Manager: Mackenzie Dunster\nBackline Tech: Andrew Isbell\nBackline Tech : Robert Nava\nMixing Engineer: Michael Matta\n\nProduction Supervisor: Natalia Lax\n1st AD: Derek Jaeschke\n1st AC: Ben Steen\n2nd AC: Jack Deichert\nSteadicam Operator: Renard Cheren\n\nGaffer: Tate McCurdy\nBBE: Clay Pacatte\nSLT: Tony Cantor\nSLT: Paul Kane\nKey Grip: Tiger Whitesides\nBest Boy Grip: Sam Le Bas\nGrip/Driver: Sam Satossky\n\nA1: Maja Sazdic\nA2: Joshua Ben-Shoshan\nSound Mixer: Taylor Coe\n\nProp Stylist: Chloe Kirk\nTalent Production Assistant: Izzy Eyre\nProduction Assistant: Grant Collins\nProduction Assistant: Kasey Percich\nProduction Assistant: Giovanna Trujillo\nProduction Assistant: Alexa Babin\nProduction Assistant: Sam Gruenhagen\n\nColorist: Jacob McKee, Primary\nProducer: Alex Zhao, Primary \nPhotographer: Abby Waisler\n\n#GracieAbrams #ILoveYouImSorry #VevoExtendedPlay\n\nMusic video by Gracie Abrams performing I Love You, I'm Sorry (Live) | Vevo Extended Play.© 2024 Gracie Abrams, under exclusive license to Interscope Records, a division of UMG Recordings, Inc.
75741f81-2400-4cb5-8ea9-eebd64c3b480	eeda679c-2ab8-4179-8567-2b1e9848b22f	IbE7peGTpmc	Grupo Frontera - Hecha Pa' Mí (Video Oficial)	2024-10-04 00:00:28	Escucha nuestro nuevo álbum "JUGANDO A QUE NO PASA NADA" aquí: https://bit.ly/JAQNPN\nSuscríbete a nuestro canal: https://bit.ly/GrupoFronteraYT\nGrupo Frontera - Hecha Pa' Mí (Video Oficial)\n\nLetra:\n\nQuiero darle las gracias a tu mamá y a tu papá\nPor darle la vida al amor de mi vida\nObvio que hablo de ti\nLa que me hace feliz\n\nPuede que yo no sea perfecto\nPero por ti lo intento\nDe esos ojitos bellos quiero ser el dueño\nHasta que mi tiempo se acabe\nMija voy a cuidarte\nPa’ que nada te pase\n \nPorque has de saber que yo estoy hecho pa' ti\nHas de saber que tú estás hecha pa' mí, pa' mí, pa' mí\nAsí a la medida\nDónde andabas pérdida\nAl amor y a ti los conocí el mismo día\n \nPorque has de saber que yo estoy hecho pa’ ti\nHas de saber que tú estás hecha pa' mí, pa' mí, pa' mí\nAsí a la medida\nDónde andabas pérdida\nLe doy gracias a Dios porque me mandó lo que tanto pedía\n  \nTodo de mí te pertenece\nAl año soy tuyo no más 12 meses\nY es que tú me enloqueces\nTeniéndote a ti está cabrón que me estrese\n\nPuede que yo no sea perfecto\nPero por ti lo intento\nDe esos ojitos bellos quiero ser el dueño\nHasta que mi tiempo se acabe\nMija voy a cuidarte\nPa’ que nada te pase\n \nPorque has de saber que yo estoy hecho pa' ti\nHas de saber que tú estás hecha pa' mí, pa' mí, pa' mí\nAsí a la medida\nDónde andabas pérdida\nAl amor y a ti los conocí el mismo día\n \nPorque has de saber que yo estoy hecho pa’ ti\nHas de saber que tú estás hecha pa' mí, pa' mí, pa' mí\nAsí a la medida\nDónde andabas pérdida\nLe doy gracias a Dios porque me mandó lo que tanto pedía\n____________________\n#GrupoFrontera #HechaPaMi #VideoOficial  #JugandoAQueNoPasaNada #JAQNPN
9b9d8a74-e3d4-4106-84c5-af89480c8da4	f5cfe9d3-0c8a-4b9e-ad16-0ba149ba3ef4	UhRvrOebGA8	Finesse2Tymes - Demure [Official Music Video]	2024-10-04 04:00:33	FOLLOW FINESSE2TYMES\nInstagram: https://Finesse2Tymes.lnk.to/Instagram\nTikTok: https://Finesse2Tymes.lnk.to/TikTok\nTwitter: https://Finesse2Tymes.lnk.to/Twitter\nFacebook: https://Finesse2Tymes.lnk.to/Facebook\nDiscord: https://finesse2tymes.lnk.to/Discord\n\nSUBSCRIBE TO FINESSE2TYMES YOUTUBE\nhttps://Finesse2Tymes.lnk.to/Youtube\n\nLISTEN TO FINESSE2TYMES\nApple: https://Finesse2Tymes.lnk.to/AppleMusic\nSpotify: https://Finesse2Tymes.lnk.to/Spotify\nAmazon: https://Finesse2Tymes.lnk.to/Amazon\nSoundcloud: https://Finesse2Tymes.lnk.to/SoundCloud\nAudiomack: https://Finesse2Tymes.lnk.to/Audiomack\n \nThe official YouTube channel of Finesse2Tymes. Subscribe for the latest music videos, performances, and more.
0081e126-3606-49fd-b9e3-17304f3eef67	a98226fe-1222-4e1b-be7e-f6f6dd4a12ee	IKkGCgRlhuY	Billionaire Black - Indiana Pt 2 X ( BloodHound Q50 )Diss Respond Shot By @upgoodent	2024-10-05 20:00:28	Billionaire Black - Indiana Pt 2 X ( BloodHound Q50 )Diss Respond to make me mad pt 1
40ab43c7-d4ac-41b6-b331-637ff82419e9	dafcc6ce-154c-4f86-ba48-7fe1f7c8c959	850IP1bKV2g	Lil Durk - Turn Up A Notch (Official Music Video)	2024-09-25 04:00:36	“Turn Up A Notch” from Lil Durk’s upcoming album:\nhttps://LilDurk.lnk.to/tuan \n \nFollow Lil Durk:\nhttps://LilDurk.lnk.to/instagram\nhttps://LilDurk.lnk.to/twitter\nhttps://LilDurk.lnk.to/tiktok\nhttps://LilDurk.lnk.to/facebook\n \nListen To Lil Durk:\nhttps://LilDurk.lnk.to/spotify\nhttps://LilDurk.lnk.to/applemusic\nhttps://LilDurk.lnk.to/soundcloud\n \nShop:\nhttps://otfgear.com\n \nSubscribe: http://bit.ly/Subscribe-to-Durk\n \n#LilDurk #DeepThoughts
1258491a-74eb-4dd5-8438-e6fbadc5cc2d	adec7332-093f-493d-8c48-2bf0cfdb68ba	-SSgaCAsU6M	Rod Wave - 25 (Official Audio)	2024-10-11 04:00:22	Listen To Rod Wave's New Album "Last Lap"\nhttp://rodwave.lnk.to/LastLap\n\nEverything Rod Wave: \nhttps://official-rodwave.com\n\nLast Lap Tour Tickets:\nhttp://rodwave.lnk.to/LastLapTickets\n\nFollow Rod Wave:\n► Instagram: https://www.instagram.com/rodwave/\n► TikTok: https://rodwave.lnk.to/tiktok\n► Facebook: https://www.facebook.com/rodwave\n► Snapchat: https://www.snapchat.com/add/therealrodwave\n► Discord: https://discord.gg/rodwave\n► Twitter: https://twitter.com/rodwave\n\nListen to Rod Wave:\n► Apple Music: https://rodwave.lnk.to/applemusic\n► YouTube: https://rodwave.lnk.to/youtube\n► Spotify: https://rodwave.lnk.to/spotify\n► SoundCloud: https://rodwave.lnk.to/soundcloud\n► Amazon: https://rodwave.lnk.to/amazonmusic\n► TIDAL: https://rodwave.lnk.to/TIDAL\n\n#Rodwave #LastLap
\.


--
-- Name: channels channels_pkey; Type: CONSTRAINT; Schema: public; Owner: postgres
--

ALTER TABLE ONLY public.channels
    ADD CONSTRAINT channels_pkey PRIMARY KEY (id);


--
-- Name: users users_pkey; Type: CONSTRAINT; Schema: public; Owner: postgres
--

ALTER TABLE ONLY public.users
    ADD CONSTRAINT users_pkey PRIMARY KEY (id);


--
-- Name: videos videos_pkey; Type: CONSTRAINT; Schema: public; Owner: postgres
--

ALTER TABLE ONLY public.videos
    ADD CONSTRAINT videos_pkey PRIMARY KEY (id);


--
-- Name: channels channels_user_id_fkey; Type: FK CONSTRAINT; Schema: public; Owner: postgres
--

ALTER TABLE ONLY public.channels
    ADD CONSTRAINT channels_user_id_fkey FOREIGN KEY (user_id) REFERENCES public.users(id);


--
-- Name: videos videos_channel_id_fkey; Type: FK CONSTRAINT; Schema: public; Owner: postgres
--

ALTER TABLE ONLY public.videos
    ADD CONSTRAINT videos_channel_id_fkey FOREIGN KEY (channel_id) REFERENCES public.channels(id);


--
-- PostgreSQL database dump complete
--

